,sepal length (cm),sepal width (cm),petal length (cm),petal width (cm)
sepal length (cm),1.0,-0.11756978413300088,0.8717537758865838,0.8179411262715758
sepal width (cm),-0.11756978413300088,1.0,-0.42844010433053864,-0.3661259325364377
petal length (cm),0.8717537758865838,-0.42844010433053864,1.0,0.962865431402796
petal width (cm),0.8179411262715758,-0.3661259325364377,0.962865431402796,1.0
